impl,seq_len,embed_dim,dtype,forward_ms,backward_ms,end2end_ms,error
Triton,128,16,torch.bfloat16,0.05927259847521782,0.49789950251579285,0.488882839679718,
Torch,128,16,torch.bfloat16,0.10258972644805908,0.5426027178764343,0.5373848080635071,
Triton,128,16,torch.float32,0.058805909007787704,0.4718189835548401,0.47559067606925964,
Torch,128,16,torch.float32,0.10262630134820938,0.5199819207191467,0.5206188559532166,
Triton,128,32,torch.bfloat16,0.05902939662337303,0.4946102201938629,0.49241381883621216,
Torch,128,32,torch.bfloat16,0.10289859026670456,0.5437645316123962,0.5447849631309509,
Triton,128,32,torch.float32,0.05819687992334366,0.4723559319972992,0.4706268012523651,
Torch,128,32,torch.float32,0.10146937519311905,0.5222281217575073,0.5235620737075806,
Triton,128,64,torch.bfloat16,0.05910833179950714,0.49140629172325134,0.4908719062805176,
Torch,128,64,torch.bfloat16,0.10331996530294418,0.5458014011383057,0.5409799814224243,
Triton,128,64,torch.float32,0.05850476771593094,0.4692140221595764,0.46908435225486755,
Torch,128,64,torch.float32,0.10285507142543793,0.5212559103965759,0.5238151550292969,
Triton,128,128,torch.bfloat16,0.05936327576637268,0.49267178773880005,0.4919612407684326,
Torch,128,128,torch.bfloat16,0.10251535475254059,0.5432016849517822,0.5415844321250916,
Triton,128,128,torch.float32,0.05938677117228508,0.4713301956653595,0.47245046496391296,
Torch,128,128,torch.float32,0.10381708294153214,0.5221933722496033,0.5231375694274902,
Triton,256,16,torch.bfloat16,0.05925814062356949,0.4928789436817169,0.49121445417404175,
Torch,256,16,torch.bfloat16,0.10307537764310837,0.5447290539741516,0.5402246117591858,
Triton,256,16,torch.float32,0.05893656611442566,0.47130921483039856,0.47144877910614014,
Torch,256,16,torch.float32,0.10218056291341782,0.5247836709022522,0.5241891145706177,
Triton,256,32,torch.bfloat16,0.05910108983516693,0.4938211441040039,0.492608904838562,
Torch,256,32,torch.bfloat16,0.10283992439508438,0.5442925691604614,0.5433769226074219,
Triton,256,32,torch.float32,0.058318182826042175,0.47293373942375183,0.47347357869148254,
Torch,256,32,torch.float32,0.10212307423353195,0.5248724222183228,0.5237898230552673,
Triton,256,64,torch.bfloat16,0.0587707944214344,0.4926999509334564,0.49052542448043823,
Torch,256,64,torch.bfloat16,0.10324820876121521,0.5424767136573792,0.5415199995040894,
Triton,256,64,torch.float32,0.05864507704973221,0.47363564372062683,0.47395187616348267,
Torch,256,64,torch.float32,0.10307928919792175,0.5240291953086853,0.5235258340835571,
Triton,256,128,torch.bfloat16,0.058994974941015244,0.4935743808746338,0.4984065294265747,
Torch,256,128,torch.bfloat16,0.10289476811885834,0.54250568151474,0.5496793389320374,
Triton,256,128,torch.float32,0.05841786414384842,0.47292909026145935,0.4733418822288513,
Torch,256,128,torch.float32,0.10247516632080078,0.5246840119361877,0.5245683789253235,
Triton,512,16,torch.bfloat16,0.05924782529473305,0.4968893826007843,0.495805948972702,
Torch,512,16,torch.bfloat16,0.10294393450021744,0.5471475124359131,0.5515807867050171,
Triton,512,16,torch.float32,0.059080690145492554,0.4745587408542633,0.47512173652648926,
Torch,512,16,torch.float32,0.105303555727005,0.5258057117462158,0.5247973203659058,
Triton,512,32,torch.bfloat16,0.059126581996679306,0.500711977481842,0.49812039732933044,
Torch,512,32,torch.bfloat16,0.10458824038505554,0.5484300851821899,0.5481333136558533,
Triton,512,32,torch.float32,0.05962482467293739,0.4752061665058136,0.4744332730770111,
Torch,512,32,torch.float32,0.1043521836400032,0.5273182392120361,0.5263749361038208,
Triton,512,64,torch.bfloat16,0.0595480315387249,0.5931226015090942,0.5932145118713379,
Torch,512,64,torch.bfloat16,0.1047632023692131,0.6426555514335632,0.6424593329429626,
Triton,512,64,torch.float32,0.05928536131978035,0.5207837820053101,0.522824764251709,
Torch,512,64,torch.float32,0.10331476479768753,0.5704015493392944,0.5711109638214111,
Triton,512,128,torch.bfloat16,0.06027112156152725,0.764001727104187,0.7642614841461182,
Torch,512,128,torch.bfloat16,0.10385014861822128,0.8142257928848267,0.8138874173164368,
Triton,512,128,torch.float32,0.05928238481283188,0.6437511444091797,0.6459738612174988,
Torch,512,128,torch.float32,0.10410231351852417,0.6965621113777161,0.6969932913780212,
Triton,1024,16,torch.bfloat16,0.05992857366800308,0.5976457595825195,0.5966521501541138,
Torch,1024,16,torch.bfloat16,0.10309818387031555,0.6470750570297241,0.6454901099205017,
Triton,1024,16,torch.float32,0.05958333984017372,0.5280009508132935,0.5265042781829834,
Torch,1024,16,torch.float32,0.10376030951738358,0.5773301720619202,0.5794418454170227,
Triton,1024,32,torch.bfloat16,0.06024551019072533,0.7802494764328003,0.7803263664245605,
Torch,1024,32,torch.bfloat16,0.10407954454421997,0.8319632411003113,0.8304373621940613,
Triton,1024,32,torch.float32,0.05933927372097969,0.6530571579933167,0.652536153793335,
Torch,1024,32,torch.float32,0.10269629955291748,0.7077019214630127,0.7014240026473999,
Triton,1024,64,torch.bfloat16,0.06033703684806824,1.145851492881775,1.1449745893478394,
Torch,1024,64,torch.bfloat16,0.10320581495761871,1.1980479955673218,1.2008100748062134,
Triton,1024,64,torch.float32,0.05919802933931351,0.9119759202003479,0.9098678827285767,
Torch,1024,64,torch.float32,0.10358181595802307,0.9603441953659058,0.9611206650733948,
Triton,1024,128,torch.bfloat16,0.06051275506615639,1.8668839931488037,1.8742010593414307,
Torch,1024,128,torch.bfloat16,0.10390643775463104,1.9113253355026245,1.9227187633514404,
Triton,1024,128,torch.float32,0.059776000678539276,1.4055119752883911,1.4051185846328735,
Torch,1024,128,torch.float32,0.10325613617897034,1.467142105102539,1.457222580909729,
Triton,2048,16,torch.bfloat16,0.0599873848259449,1.1838518381118774,1.1835360527038574,
Torch,2048,16,torch.bfloat16,0.10315466672182083,1.239129662513733,1.2416471242904663,
Triton,2048,16,torch.float32,0.05972805246710777,0.921770453453064,0.9239307641983032,
Torch,2048,16,torch.float32,0.10296046733856201,0.9771398305892944,0.980327844619751,
Triton,2048,32,torch.bfloat16,0.06016314774751663,1.9135334491729736,1.9127980470657349,
Torch,2048,32,torch.bfloat16,0.10337299853563309,1.968941330909729,1.9663686752319336,
Triton,2048,32,torch.float32,0.05935899540781975,1.4302655458450317,1.429785966873169,
Torch,2048,32,torch.float32,0.10277530550956726,1.4826453924179077,1.483176589012146,
Triton,2048,64,torch.bfloat16,0.06032542511820793,3.342568874359131,3.3431437015533447,
Torch,2048,64,torch.bfloat16,0.10387150943279266,3.3975818157196045,3.3967220783233643,
Triton,2048,64,torch.float32,0.05945630744099617,2.4151196479797363,2.4111318588256836,
Torch,2048,64,torch.float32,0.10287533700466156,2.468823194503784,2.467501163482666,
Triton,2048,128,torch.bfloat16,0.06009481102228165,6.20682430267334,6.205367088317871,
Torch,2048,128,torch.bfloat16,0.10321395099163055,6.270829200744629,6.26683235168457,
Triton,2048,128,torch.float32,0.059643637388944626,4.40159273147583,4.403832912445068,
Torch,2048,128,torch.float32,0.10369839519262314,4.454482555389404,4.456392288208008,
Triton,4096,16,torch.bfloat16,0.060123737901449203,3.6786680221557617,3.6804122924804688,
Torch,4096,16,torch.bfloat16,0.10353747755289078,3.733672618865967,3.7325377464294434,
Triton,4096,16,torch.float32,0.0594036802649498,2.676884651184082,2.6789050102233887,
Torch,4096,16,torch.float32,0.10339231044054031,2.7306268215179443,2.729562282562256,
Triton,4096,32,torch.bfloat16,0.0599958710372448,6.549941062927246,6.550627708435059,
Torch,4096,32,torch.bfloat16,0.1032782569527626,6.606315612792969,6.610337734222412,
Triton,4096,32,torch.float32,0.059600573033094406,4.647590160369873,4.648567199707031,
Torch,4096,32,torch.float32,0.10297071933746338,4.700612545013428,4.7056708335876465,
Triton,4096,64,torch.bfloat16,0.06034916639328003,12.336335182189941,12.323553085327148,
Torch,4096,64,torch.bfloat16,0.10404033958911896,12.391523361206055,12.38876724243164,
Triton,4096,64,torch.float32,0.05995691940188408,8.643970489501953,8.639657020568848,
Torch,4096,64,torch.float32,0.10329867899417877,8.703246116638184,8.701684951782227,
Triton,4096,128,torch.bfloat16,0.06229434907436371,23.871734619140625,23.89311981201172,
Torch,4096,128,torch.bfloat16,0.10400792956352234,23.930360794067383,23.941688537597656,
Triton,4096,128,torch.float32,0.05970586836338043,16.617279052734375,16.60576629638672,
Torch,4096,128,torch.float32,0.10365599393844604,16.686954498291016,16.681747436523438,
Triton,8192,16,torch.bfloat16,0.060066625475883484,13.70466423034668,13.708433151245117,
Torch,8192,16,torch.bfloat16,0.1038101464509964,13.76888370513916,13.780522346496582,
Triton,8192,16,torch.float32,0.0598687045276165,9.777698516845703,9.772751808166504,
Torch,8192,16,torch.float32,0.10341230034828186,9.849570274353027,9.841449737548828,
Triton,8192,32,torch.bfloat16,0.05953754484653473,25.185033798217773,25.190942764282227,
Torch,8192,32,torch.bfloat16,0.10381229221820831,25.27272605895996,25.269792556762695,
Triton,8192,32,torch.float32,0.05903295427560806,17.691078186035156,17.667621612548828,
Torch,8192,32,torch.float32,0.10244053602218628,17.732696533203125,17.73016357421875,
Triton,8192,64,torch.bfloat16,0.06054812669754028,48.350303649902344,48.388431549072266,
Torch,8192,64,torch.bfloat16,0.10387156158685684,48.44017791748047,48.480384826660156,
Triton,8192,64,torch.float32,0.05952858924865723,33.60443115234375,33.637840270996094,
Torch,8192,64,torch.float32,0.10378707945346832,33.6855354309082,33.684974670410156,
Triton,8192,128,torch.bfloat16,0.05979257822036743,95.36188507080078,95.47235107421875,
Torch,8192,128,torch.bfloat16,0.103744737803936,94.77410888671875,95.0025634765625,
Triton,8192,128,torch.float32,0.05953805893659592,65.75529479980469,66.71529388427734,
Torch,8192,128,torch.float32,0.10350549221038818,65.86959838867188,66.87644958496094,
Triton,16384,16,torch.bfloat16,0.06004437059164047,53.59455871582031,53.643680572509766,
Torch,16384,16,torch.bfloat16,0.10414745658636093,53.80723190307617,53.741695404052734,
Triton,16384,16,torch.float32,0.05967415124177933,37.960609436035156,37.95648193359375,
Torch,16384,16,torch.float32,0.1032482460141182,38.02259063720703,38.08964920043945,
Triton,16384,32,torch.bfloat16,,,,"CUDA out of memory. Tried to allocate 32.00 GiB. GPU 0 has a total capacity of 95.00 GiB of which 30.18 GiB is free. Including non-PyTorch memory, this process has 64.81 GiB memory in use. Of the allocated memory 36.04 GiB is allocated by PyTorch, and 28.34 GiB is reserved by PyTorch but unallocated. If reserved but unallocated memory is large try setting PYTORCH_CUDA_ALLOC_CONF=expandable_segments:True to avoid fragmentation.  See documentation for Memory Management  (https://pytorch.org/docs/stable/notes/cuda.html#environment-variables)"
Torch,16384,32,torch.bfloat16,,,,"CUDA out of memory. Tried to allocate 32.00 GiB. GPU 0 has a total capacity of 95.00 GiB of which 30.18 GiB is free. Including non-PyTorch memory, this process has 64.81 GiB memory in use. Of the allocated memory 36.04 GiB is allocated by PyTorch, and 28.34 GiB is reserved by PyTorch but unallocated. If reserved but unallocated memory is large try setting PYTORCH_CUDA_ALLOC_CONF=expandable_segments:True to avoid fragmentation.  See documentation for Memory Management  (https://pytorch.org/docs/stable/notes/cuda.html#environment-variables)"
Triton,16384,32,torch.float32,,,,"CUDA out of memory. Tried to allocate 32.00 GiB. GPU 0 has a total capacity of 95.00 GiB of which 30.19 GiB is free. Including non-PyTorch memory, this process has 64.80 GiB memory in use. Of the allocated memory 36.05 GiB is allocated by PyTorch, and 28.33 GiB is reserved by PyTorch but unallocated. If reserved but unallocated memory is large try setting PYTORCH_CUDA_ALLOC_CONF=expandable_segments:True to avoid fragmentation.  See documentation for Memory Management  (https://pytorch.org/docs/stable/notes/cuda.html#environment-variables)"
Torch,16384,32,torch.float32,,,,"CUDA out of memory. Tried to allocate 32.00 GiB. GPU 0 has a total capacity of 95.00 GiB of which 30.19 GiB is free. Including non-PyTorch memory, this process has 64.80 GiB memory in use. Of the allocated memory 36.05 GiB is allocated by PyTorch, and 28.33 GiB is reserved by PyTorch but unallocated. If reserved but unallocated memory is large try setting PYTORCH_CUDA_ALLOC_CONF=expandable_segments:True to avoid fragmentation.  See documentation for Memory Management  (https://pytorch.org/docs/stable/notes/cuda.html#environment-variables)"
Triton,16384,64,torch.bfloat16,,,,"CUDA out of memory. Tried to allocate 64.00 GiB. GPU 0 has a total capacity of 95.00 GiB of which 62.19 GiB is free. Including non-PyTorch memory, this process has 32.80 GiB memory in use. Of the allocated memory 4.05 GiB is allocated by PyTorch, and 28.33 GiB is reserved by PyTorch but unallocated. If reserved but unallocated memory is large try setting PYTORCH_CUDA_ALLOC_CONF=expandable_segments:True to avoid fragmentation.  See documentation for Memory Management  (https://pytorch.org/docs/stable/notes/cuda.html#environment-variables)"
Torch,16384,64,torch.bfloat16,,,,"CUDA out of memory. Tried to allocate 64.00 GiB. GPU 0 has a total capacity of 95.00 GiB of which 62.19 GiB is free. Including non-PyTorch memory, this process has 32.80 GiB memory in use. Of the allocated memory 4.05 GiB is allocated by PyTorch, and 28.33 GiB is reserved by PyTorch but unallocated. If reserved but unallocated memory is large try setting PYTORCH_CUDA_ALLOC_CONF=expandable_segments:True to avoid fragmentation.  See documentation for Memory Management  (https://pytorch.org/docs/stable/notes/cuda.html#environment-variables)"
Triton,16384,64,torch.float32,,,,"CUDA out of memory. Tried to allocate 64.00 GiB. GPU 0 has a total capacity of 95.00 GiB of which 62.19 GiB is free. Including non-PyTorch memory, this process has 32.80 GiB memory in use. Of the allocated memory 4.07 GiB is allocated by PyTorch, and 28.31 GiB is reserved by PyTorch but unallocated. If reserved but unallocated memory is large try setting PYTORCH_CUDA_ALLOC_CONF=expandable_segments:True to avoid fragmentation.  See documentation for Memory Management  (https://pytorch.org/docs/stable/notes/cuda.html#environment-variables)"
Torch,16384,64,torch.float32,,,,"CUDA out of memory. Tried to allocate 64.00 GiB. GPU 0 has a total capacity of 95.00 GiB of which 62.19 GiB is free. Including non-PyTorch memory, this process has 32.80 GiB memory in use. Of the allocated memory 4.07 GiB is allocated by PyTorch, and 28.31 GiB is reserved by PyTorch but unallocated. If reserved but unallocated memory is large try setting PYTORCH_CUDA_ALLOC_CONF=expandable_segments:True to avoid fragmentation.  See documentation for Memory Management  (https://pytorch.org/docs/stable/notes/cuda.html#environment-variables)"
Triton,16384,128,torch.bfloat16,,,,"CUDA out of memory. Tried to allocate 128.00 GiB. GPU 0 has a total capacity of 95.00 GiB of which 62.19 GiB is free. Including non-PyTorch memory, this process has 32.80 GiB memory in use. Of the allocated memory 4.07 GiB is allocated by PyTorch, and 28.31 GiB is reserved by PyTorch but unallocated. If reserved but unallocated memory is large try setting PYTORCH_CUDA_ALLOC_CONF=expandable_segments:True to avoid fragmentation.  See documentation for Memory Management  (https://pytorch.org/docs/stable/notes/cuda.html#environment-variables)"
Torch,16384,128,torch.bfloat16,,,,"CUDA out of memory. Tried to allocate 128.00 GiB. GPU 0 has a total capacity of 95.00 GiB of which 62.19 GiB is free. Including non-PyTorch memory, this process has 32.80 GiB memory in use. Of the allocated memory 4.07 GiB is allocated by PyTorch, and 28.31 GiB is reserved by PyTorch but unallocated. If reserved but unallocated memory is large try setting PYTORCH_CUDA_ALLOC_CONF=expandable_segments:True to avoid fragmentation.  See documentation for Memory Management  (https://pytorch.org/docs/stable/notes/cuda.html#environment-variables)"
Triton,16384,128,torch.float32,,,,"CUDA out of memory. Tried to allocate 128.00 GiB. GPU 0 has a total capacity of 95.00 GiB of which 62.19 GiB is free. Including non-PyTorch memory, this process has 32.80 GiB memory in use. Of the allocated memory 4.10 GiB is allocated by PyTorch, and 28.28 GiB is reserved by PyTorch but unallocated. If reserved but unallocated memory is large try setting PYTORCH_CUDA_ALLOC_CONF=expandable_segments:True to avoid fragmentation.  See documentation for Memory Management  (https://pytorch.org/docs/stable/notes/cuda.html#environment-variables)"
Torch,16384,128,torch.float32,,,,"CUDA out of memory. Tried to allocate 128.00 GiB. GPU 0 has a total capacity of 95.00 GiB of which 62.19 GiB is free. Including non-PyTorch memory, this process has 32.80 GiB memory in use. Of the allocated memory 4.10 GiB is allocated by PyTorch, and 28.28 GiB is reserved by PyTorch but unallocated. If reserved but unallocated memory is large try setting PYTORCH_CUDA_ALLOC_CONF=expandable_segments:True to avoid fragmentation.  See documentation for Memory Management  (https://pytorch.org/docs/stable/notes/cuda.html#environment-variables)"
Triton,32768,16,torch.bfloat16,,,,"CUDA out of memory. Tried to allocate 64.00 GiB. GPU 0 has a total capacity of 95.00 GiB of which 62.18 GiB is free. Including non-PyTorch memory, this process has 32.81 GiB memory in use. Of the allocated memory 16.04 GiB is allocated by PyTorch, and 16.34 GiB is reserved by PyTorch but unallocated. If reserved but unallocated memory is large try setting PYTORCH_CUDA_ALLOC_CONF=expandable_segments:True to avoid fragmentation.  See documentation for Memory Management  (https://pytorch.org/docs/stable/notes/cuda.html#environment-variables)"
Torch,32768,16,torch.bfloat16,,,,"CUDA out of memory. Tried to allocate 64.00 GiB. GPU 0 has a total capacity of 95.00 GiB of which 62.18 GiB is free. Including non-PyTorch memory, this process has 32.81 GiB memory in use. Of the allocated memory 16.04 GiB is allocated by PyTorch, and 16.34 GiB is reserved by PyTorch but unallocated. If reserved but unallocated memory is large try setting PYTORCH_CUDA_ALLOC_CONF=expandable_segments:True to avoid fragmentation.  See documentation for Memory Management  (https://pytorch.org/docs/stable/notes/cuda.html#environment-variables)"
Triton,32768,16,torch.float32,,,,"CUDA out of memory. Tried to allocate 64.00 GiB. GPU 0 has a total capacity of 95.00 GiB of which 62.19 GiB is free. Including non-PyTorch memory, this process has 32.80 GiB memory in use. Of the allocated memory 16.05 GiB is allocated by PyTorch, and 16.33 GiB is reserved by PyTorch but unallocated. If reserved but unallocated memory is large try setting PYTORCH_CUDA_ALLOC_CONF=expandable_segments:True to avoid fragmentation.  See documentation for Memory Management  (https://pytorch.org/docs/stable/notes/cuda.html#environment-variables)"
Torch,32768,16,torch.float32,,,,"CUDA out of memory. Tried to allocate 64.00 GiB. GPU 0 has a total capacity of 95.00 GiB of which 62.19 GiB is free. Including non-PyTorch memory, this process has 32.80 GiB memory in use. Of the allocated memory 16.05 GiB is allocated by PyTorch, and 16.33 GiB is reserved by PyTorch but unallocated. If reserved but unallocated memory is large try setting PYTORCH_CUDA_ALLOC_CONF=expandable_segments:True to avoid fragmentation.  See documentation for Memory Management  (https://pytorch.org/docs/stable/notes/cuda.html#environment-variables)"
Triton,32768,32,torch.bfloat16,,,,"CUDA out of memory. Tried to allocate 128.00 GiB. GPU 0 has a total capacity of 95.00 GiB of which 62.19 GiB is free. Including non-PyTorch memory, this process has 32.80 GiB memory in use. Of the allocated memory 16.05 GiB is allocated by PyTorch, and 16.33 GiB is reserved by PyTorch but unallocated. If reserved but unallocated memory is large try setting PYTORCH_CUDA_ALLOC_CONF=expandable_segments:True to avoid fragmentation.  See documentation for Memory Management  (https://pytorch.org/docs/stable/notes/cuda.html#environment-variables)"
Torch,32768,32,torch.bfloat16,,,,"CUDA out of memory. Tried to allocate 128.00 GiB. GPU 0 has a total capacity of 95.00 GiB of which 62.19 GiB is free. Including non-PyTorch memory, this process has 32.80 GiB memory in use. Of the allocated memory 16.05 GiB is allocated by PyTorch, and 16.33 GiB is reserved by PyTorch but unallocated. If reserved but unallocated memory is large try setting PYTORCH_CUDA_ALLOC_CONF=expandable_segments:True to avoid fragmentation.  See documentation for Memory Management  (https://pytorch.org/docs/stable/notes/cuda.html#environment-variables)"
Triton,32768,32,torch.float32,,,,"CUDA out of memory. Tried to allocate 128.00 GiB. GPU 0 has a total capacity of 95.00 GiB of which 62.19 GiB is free. Including non-PyTorch memory, this process has 32.80 GiB memory in use. Of the allocated memory 16.07 GiB is allocated by PyTorch, and 16.31 GiB is reserved by PyTorch but unallocated. If reserved but unallocated memory is large try setting PYTORCH_CUDA_ALLOC_CONF=expandable_segments:True to avoid fragmentation.  See documentation for Memory Management  (https://pytorch.org/docs/stable/notes/cuda.html#environment-variables)"
Torch,32768,32,torch.float32,,,,"CUDA out of memory. Tried to allocate 128.00 GiB. GPU 0 has a total capacity of 95.00 GiB of which 62.19 GiB is free. Including non-PyTorch memory, this process has 32.80 GiB memory in use. Of the allocated memory 16.07 GiB is allocated by PyTorch, and 16.31 GiB is reserved by PyTorch but unallocated. If reserved but unallocated memory is large try setting PYTORCH_CUDA_ALLOC_CONF=expandable_segments:True to avoid fragmentation.  See documentation for Memory Management  (https://pytorch.org/docs/stable/notes/cuda.html#environment-variables)"
Triton,32768,64,torch.bfloat16,,,,"CUDA out of memory. Tried to allocate 256.00 GiB. GPU 0 has a total capacity of 95.00 GiB of which 62.19 GiB is free. Including non-PyTorch memory, this process has 32.80 GiB memory in use. Of the allocated memory 16.07 GiB is allocated by PyTorch, and 16.31 GiB is reserved by PyTorch but unallocated. If reserved but unallocated memory is large try setting PYTORCH_CUDA_ALLOC_CONF=expandable_segments:True to avoid fragmentation.  See documentation for Memory Management  (https://pytorch.org/docs/stable/notes/cuda.html#environment-variables)"
Torch,32768,64,torch.bfloat16,,,,"CUDA out of memory. Tried to allocate 256.00 GiB. GPU 0 has a total capacity of 95.00 GiB of which 62.19 GiB is free. Including non-PyTorch memory, this process has 32.80 GiB memory in use. Of the allocated memory 16.07 GiB is allocated by PyTorch, and 16.31 GiB is reserved by PyTorch but unallocated. If reserved but unallocated memory is large try setting PYTORCH_CUDA_ALLOC_CONF=expandable_segments:True to avoid fragmentation.  See documentation for Memory Management  (https://pytorch.org/docs/stable/notes/cuda.html#environment-variables)"
Triton,32768,64,torch.float32,,,,"CUDA out of memory. Tried to allocate 256.00 GiB. GPU 0 has a total capacity of 95.00 GiB of which 62.19 GiB is free. Including non-PyTorch memory, this process has 32.80 GiB memory in use. Of the allocated memory 16.10 GiB is allocated by PyTorch, and 16.28 GiB is reserved by PyTorch but unallocated. If reserved but unallocated memory is large try setting PYTORCH_CUDA_ALLOC_CONF=expandable_segments:True to avoid fragmentation.  See documentation for Memory Management  (https://pytorch.org/docs/stable/notes/cuda.html#environment-variables)"
Torch,32768,64,torch.float32,,,,"CUDA out of memory. Tried to allocate 256.00 GiB. GPU 0 has a total capacity of 95.00 GiB of which 62.19 GiB is free. Including non-PyTorch memory, this process has 32.80 GiB memory in use. Of the allocated memory 16.10 GiB is allocated by PyTorch, and 16.28 GiB is reserved by PyTorch but unallocated. If reserved but unallocated memory is large try setting PYTORCH_CUDA_ALLOC_CONF=expandable_segments:True to avoid fragmentation.  See documentation for Memory Management  (https://pytorch.org/docs/stable/notes/cuda.html#environment-variables)"
Triton,32768,128,torch.bfloat16,,,,"CUDA out of memory. Tried to allocate 512.00 GiB. GPU 0 has a total capacity of 95.00 GiB of which 62.19 GiB is free. Including non-PyTorch memory, this process has 32.80 GiB memory in use. Of the allocated memory 16.11 GiB is allocated by PyTorch, and 16.27 GiB is reserved by PyTorch but unallocated. If reserved but unallocated memory is large try setting PYTORCH_CUDA_ALLOC_CONF=expandable_segments:True to avoid fragmentation.  See documentation for Memory Management  (https://pytorch.org/docs/stable/notes/cuda.html#environment-variables)"
Torch,32768,128,torch.bfloat16,,,,"CUDA out of memory. Tried to allocate 512.00 GiB. GPU 0 has a total capacity of 95.00 GiB of which 62.19 GiB is free. Including non-PyTorch memory, this process has 32.80 GiB memory in use. Of the allocated memory 16.11 GiB is allocated by PyTorch, and 16.27 GiB is reserved by PyTorch but unallocated. If reserved but unallocated memory is large try setting PYTORCH_CUDA_ALLOC_CONF=expandable_segments:True to avoid fragmentation.  See documentation for Memory Management  (https://pytorch.org/docs/stable/notes/cuda.html#environment-variables)"
Triton,32768,128,torch.float32,,,,"CUDA out of memory. Tried to allocate 512.00 GiB. GPU 0 has a total capacity of 95.00 GiB of which 62.19 GiB is free. Including non-PyTorch memory, this process has 32.80 GiB memory in use. Of the allocated memory 16.17 GiB is allocated by PyTorch, and 16.20 GiB is reserved by PyTorch but unallocated. If reserved but unallocated memory is large try setting PYTORCH_CUDA_ALLOC_CONF=expandable_segments:True to avoid fragmentation.  See documentation for Memory Management  (https://pytorch.org/docs/stable/notes/cuda.html#environment-variables)"
Torch,32768,128,torch.float32,,,,"CUDA out of memory. Tried to allocate 512.00 GiB. GPU 0 has a total capacity of 95.00 GiB of which 62.19 GiB is free. Including non-PyTorch memory, this process has 32.80 GiB memory in use. Of the allocated memory 16.17 GiB is allocated by PyTorch, and 16.20 GiB is reserved by PyTorch but unallocated. If reserved but unallocated memory is large try setting PYTORCH_CUDA_ALLOC_CONF=expandable_segments:True to avoid fragmentation.  See documentation for Memory Management  (https://pytorch.org/docs/stable/notes/cuda.html#environment-variables)"
Triton,65536,16,torch.bfloat16,,,,"CUDA out of memory. Tried to allocate 256.00 GiB. GPU 0 has a total capacity of 95.00 GiB of which 30.19 GiB is free. Including non-PyTorch memory, this process has 64.80 GiB memory in use. Of the allocated memory 64.05 GiB is allocated by PyTorch, and 333.50 MiB is reserved by PyTorch but unallocated. If reserved but unallocated memory is large try setting PYTORCH_CUDA_ALLOC_CONF=expandable_segments:True to avoid fragmentation.  See documentation for Memory Management  (https://pytorch.org/docs/stable/notes/cuda.html#environment-variables)"
Torch,65536,16,torch.bfloat16,,,,"CUDA out of memory. Tried to allocate 256.00 GiB. GPU 0 has a total capacity of 95.00 GiB of which 30.19 GiB is free. Including non-PyTorch memory, this process has 64.80 GiB memory in use. Of the allocated memory 64.05 GiB is allocated by PyTorch, and 333.50 MiB is reserved by PyTorch but unallocated. If reserved but unallocated memory is large try setting PYTORCH_CUDA_ALLOC_CONF=expandable_segments:True to avoid fragmentation.  See documentation for Memory Management  (https://pytorch.org/docs/stable/notes/cuda.html#environment-variables)"
Triton,65536,16,torch.float32,,,,"CUDA out of memory. Tried to allocate 256.00 GiB. GPU 0 has a total capacity of 95.00 GiB of which 30.19 GiB is free. Including non-PyTorch memory, this process has 64.80 GiB memory in use. Of the allocated memory 64.07 GiB is allocated by PyTorch, and 317.25 MiB is reserved by PyTorch but unallocated. If reserved but unallocated memory is large try setting PYTORCH_CUDA_ALLOC_CONF=expandable_segments:True to avoid fragmentation.  See documentation for Memory Management  (https://pytorch.org/docs/stable/notes/cuda.html#environment-variables)"
Torch,65536,16,torch.float32,,,,"CUDA out of memory. Tried to allocate 256.00 GiB. GPU 0 has a total capacity of 95.00 GiB of which 30.19 GiB is free. Including non-PyTorch memory, this process has 64.80 GiB memory in use. Of the allocated memory 64.07 GiB is allocated by PyTorch, and 317.25 MiB is reserved by PyTorch but unallocated. If reserved but unallocated memory is large try setting PYTORCH_CUDA_ALLOC_CONF=expandable_segments:True to avoid fragmentation.  See documentation for Memory Management  (https://pytorch.org/docs/stable/notes/cuda.html#environment-variables)"
Triton,65536,32,torch.bfloat16,,,,"CUDA out of memory. Tried to allocate 512.00 GiB. GPU 0 has a total capacity of 95.00 GiB of which 30.19 GiB is free. Including non-PyTorch memory, this process has 64.80 GiB memory in use. Of the allocated memory 64.07 GiB is allocated by PyTorch, and 313.50 MiB is reserved by PyTorch but unallocated. If reserved but unallocated memory is large try setting PYTORCH_CUDA_ALLOC_CONF=expandable_segments:True to avoid fragmentation.  See documentation for Memory Management  (https://pytorch.org/docs/stable/notes/cuda.html#environment-variables)"
Torch,65536,32,torch.bfloat16,,,,"CUDA out of memory. Tried to allocate 512.00 GiB. GPU 0 has a total capacity of 95.00 GiB of which 30.19 GiB is free. Including non-PyTorch memory, this process has 64.80 GiB memory in use. Of the allocated memory 64.07 GiB is allocated by PyTorch, and 313.50 MiB is reserved by PyTorch but unallocated. If reserved but unallocated memory is large try setting PYTORCH_CUDA_ALLOC_CONF=expandable_segments:True to avoid fragmentation.  See documentation for Memory Management  (https://pytorch.org/docs/stable/notes/cuda.html#environment-variables)"
Triton,65536,32,torch.float32,,,,"CUDA out of memory. Tried to allocate 512.00 GiB. GPU 0 has a total capacity of 95.00 GiB of which 30.19 GiB is free. Including non-PyTorch memory, this process has 64.80 GiB memory in use. Of the allocated memory 64.10 GiB is allocated by PyTorch, and 281.25 MiB is reserved by PyTorch but unallocated. If reserved but unallocated memory is large try setting PYTORCH_CUDA_ALLOC_CONF=expandable_segments:True to avoid fragmentation.  See documentation for Memory Management  (https://pytorch.org/docs/stable/notes/cuda.html#environment-variables)"
Torch,65536,32,torch.float32,,,,"CUDA out of memory. Tried to allocate 512.00 GiB. GPU 0 has a total capacity of 95.00 GiB of which 30.19 GiB is free. Including non-PyTorch memory, this process has 64.80 GiB memory in use. Of the allocated memory 64.10 GiB is allocated by PyTorch, and 281.25 MiB is reserved by PyTorch but unallocated. If reserved but unallocated memory is large try setting PYTORCH_CUDA_ALLOC_CONF=expandable_segments:True to avoid fragmentation.  See documentation for Memory Management  (https://pytorch.org/docs/stable/notes/cuda.html#environment-variables)"
Triton,65536,64,torch.bfloat16,,,,"CUDA out of memory. Tried to allocate 1024.00 GiB. GPU 0 has a total capacity of 95.00 GiB of which 30.19 GiB is free. Including non-PyTorch memory, this process has 64.80 GiB memory in use. Of the allocated memory 64.11 GiB is allocated by PyTorch, and 273.50 MiB is reserved by PyTorch but unallocated. If reserved but unallocated memory is large try setting PYTORCH_CUDA_ALLOC_CONF=expandable_segments:True to avoid fragmentation.  See documentation for Memory Management  (https://pytorch.org/docs/stable/notes/cuda.html#environment-variables)"
Torch,65536,64,torch.bfloat16,,,,"CUDA out of memory. Tried to allocate 1024.00 GiB. GPU 0 has a total capacity of 95.00 GiB of which 30.19 GiB is free. Including non-PyTorch memory, this process has 64.80 GiB memory in use. Of the allocated memory 64.11 GiB is allocated by PyTorch, and 273.50 MiB is reserved by PyTorch but unallocated. If reserved but unallocated memory is large try setting PYTORCH_CUDA_ALLOC_CONF=expandable_segments:True to avoid fragmentation.  See documentation for Memory Management  (https://pytorch.org/docs/stable/notes/cuda.html#environment-variables)"
Triton,65536,64,torch.float32,,,,"CUDA out of memory. Tried to allocate 1024.00 GiB. GPU 0 has a total capacity of 95.00 GiB of which 30.19 GiB is free. Including non-PyTorch memory, this process has 64.80 GiB memory in use. Of the allocated memory 64.17 GiB is allocated by PyTorch, and 209.25 MiB is reserved by PyTorch but unallocated. If reserved but unallocated memory is large try setting PYTORCH_CUDA_ALLOC_CONF=expandable_segments:True to avoid fragmentation.  See documentation for Memory Management  (https://pytorch.org/docs/stable/notes/cuda.html#environment-variables)"
Torch,65536,64,torch.float32,,,,"CUDA out of memory. Tried to allocate 1024.00 GiB. GPU 0 has a total capacity of 95.00 GiB of which 30.19 GiB is free. Including non-PyTorch memory, this process has 64.80 GiB memory in use. Of the allocated memory 64.17 GiB is allocated by PyTorch, and 209.25 MiB is reserved by PyTorch but unallocated. If reserved but unallocated memory is large try setting PYTORCH_CUDA_ALLOC_CONF=expandable_segments:True to avoid fragmentation.  See documentation for Memory Management  (https://pytorch.org/docs/stable/notes/cuda.html#environment-variables)"
Triton,65536,128,torch.bfloat16,,,,"CUDA out of memory. Tried to allocate 2048.00 GiB. GPU 0 has a total capacity of 95.00 GiB of which 30.19 GiB is free. Including non-PyTorch memory, this process has 64.80 GiB memory in use. Of the allocated memory 64.19 GiB is allocated by PyTorch, and 193.50 MiB is reserved by PyTorch but unallocated. If reserved but unallocated memory is large try setting PYTORCH_CUDA_ALLOC_CONF=expandable_segments:True to avoid fragmentation.  See documentation for Memory Management  (https://pytorch.org/docs/stable/notes/cuda.html#environment-variables)"
Torch,65536,128,torch.bfloat16,,,,"CUDA out of memory. Tried to allocate 2048.00 GiB. GPU 0 has a total capacity of 95.00 GiB of which 30.19 GiB is free. Including non-PyTorch memory, this process has 64.80 GiB memory in use. Of the allocated memory 64.19 GiB is allocated by PyTorch, and 193.50 MiB is reserved by PyTorch but unallocated. If reserved but unallocated memory is large try setting PYTORCH_CUDA_ALLOC_CONF=expandable_segments:True to avoid fragmentation.  See documentation for Memory Management  (https://pytorch.org/docs/stable/notes/cuda.html#environment-variables)"
Triton,65536,128,torch.float32,,,,"CUDA out of memory. Tried to allocate 2048.00 GiB. GPU 0 has a total capacity of 95.00 GiB of which 30.19 GiB is free. Including non-PyTorch memory, this process has 64.80 GiB memory in use. Of the allocated memory 64.31 GiB is allocated by PyTorch, and 65.25 MiB is reserved by PyTorch but unallocated. If reserved but unallocated memory is large try setting PYTORCH_CUDA_ALLOC_CONF=expandable_segments:True to avoid fragmentation.  See documentation for Memory Management  (https://pytorch.org/docs/stable/notes/cuda.html#environment-variables)"
Torch,65536,128,torch.float32,,,,"CUDA out of memory. Tried to allocate 2048.00 GiB. GPU 0 has a total capacity of 95.00 GiB of which 30.19 GiB is free. Including non-PyTorch memory, this process has 64.80 GiB memory in use. Of the allocated memory 64.31 GiB is allocated by PyTorch, and 65.25 MiB is reserved by PyTorch but unallocated. If reserved but unallocated memory is large try setting PYTORCH_CUDA_ALLOC_CONF=expandable_segments:True to avoid fragmentation.  See documentation for Memory Management  (https://pytorch.org/docs/stable/notes/cuda.html#environment-variables)"
